name,datetime,tempmax,tempmin,temp,feelslikemax,feelslikemin,feelslike,dew,humidity,precip,precipprob,precipcover,preciptype,snow,snowdepth,windgust,windspeed,winddir,sealevelpressure,cloudcover,visibility,solarradiation,solarenergy,uvindex,severerisk,sunrise,sunset,moonphase,conditions,description,icon,stations,sensor_id
"46.042,14.592",2022-09-01,17.6,13.7,15.8,17.6,13.7,15.8,13.6,87.2,1.33,100,37.5,rain,0,0.0,25.6,13.2,155.0,1017.1,82.1,17.4,147.1,7.4,7,,2022-09-01T06:22:00,2022-09-01T19:40:32,0.13,"Rain, Partially cloudy",Partly cloudy throughout the day with a chance of rain throughout the day.,rain,"14216099999,LJCE,14010099999,E3154,14015099999,14012099999,14121099999,11331099999,14219099999,14014099999,LOWK,11232099999,14118099999,14112099999,16110099999,LJLJ,11231099999",74650
"46.042,14.592",2022-09-02,22.3,8.4,16.1,22.3,8.4,16.1,10.5,72.6,0.0,0,0.0,,0,0.0,26.6,12.9,105.1,1017.2,37.5,20.4,433.5,22.0,9,,2022-09-02T06:23:15,2022-09-02T19:38:39,0.18,Partially cloudy,Partly cloudy throughout the day.,partly-cloudy-day,"14010099999,E3154,14015099999,14012099999,11331099999,14219099999,14014099999,11232099999,14118099999,14112099999,16110099999,LJLJ,11231099999",74650
"46.042,14.592",2022-09-03,24.6,9.7,17.7,24.6,9.7,17.7,11.3,69.5,0.0,0,0.0,,0,0.0,21.0,10.3,142.9,1016.5,36.7,21.4,410.4,20.7,8,,2022-09-03T06:24:30,2022-09-03T19:36:46,0.24,Partially cloudy,Partly cloudy throughout the day.,partly-cloudy-day,"14216099999,LJCE,14010099999,E3154,14015099999,14012099999,11331099999,14219099999,14014099999,14024099999,11232099999,14118099999,14112099999,16110099999,LJLJ,11231099999",74650
"46.042,14.592",2022-09-04,27.6,11.5,18.9,27.2,11.5,18.9,13.0,72.1,0.11,100,4.17,rain,0,0.0,31.0,20.9,152.1,1019.6,38.6,24.2,315.5,15.7,9,,2022-09-04T06:25:44,2022-09-04T19:34:51,0.29,"Rain, Partially cloudy",Partly cloudy throughout the day with late afternoon rain.,rain,"14216099999,14010099999,E3154,14015099999,14012099999,11331099999,14219099999,14014099999,11232099999,14118099999,14112099999,16110099999,LJLJ,11231099999",74650
"46.042,14.592",2022-09-05,27.6,11.1,19.2,27.5,11.1,19.2,14.3,76.0,0.2,100,8.33,rain,0,0.0,17.2,13.8,96.1,1022.8,33.0,18.5,394.9,20.1,9,,2022-09-05T06:26:59,2022-09-05T19:32:57,0.35,"Rain, Partially cloudy",Partly cloudy throughout the day with rain.,rain,"14216099999,LJCE,14010099999,E3154,14015099999,14012099999,11331099999,14219099999,14014099999,11232099999,14118099999,14112099999,16110099999,LJLJ,11231099999",74650
"46.042,14.592",2022-09-06,29.7,13.3,21.4,29.3,13.3,21.4,14.7,68.8,0.08,100,12.5,rain,0,0.0,28.4,14.4,250.1,1019.0,25.9,22.2,430.6,21.8,8,,2022-09-06T06:28:14,2022-09-06T19:31:02,0.4,"Rain, Partially cloudy",Partly cloudy throughout the day with rain clearing later.,rain,"LJCE,14010099999,E3154,14015099999,14012099999,11331099999,14219099999,14014099999,14024099999,11232099999,14118099999,14112099999,16110099999,LJLJ,11231099999",74650
"46.042,14.592",2022-09-07,29.5,14.2,21.8,29.4,14.2,21.8,15.4,69.6,0.0,0,0.0,,0,0.0,31.3,14.3,214.8,1016.1,36.5,21.4,334.5,16.9,8,,2022-09-07T06:29:29,2022-09-07T19:29:06,0.44,Partially cloudy,Partly cloudy throughout the day.,partly-cloudy-day,"14010099999,E3154,14015099999,14012099999,11331099999,14219099999,14014099999,11232099999,14118099999,14112099999,16110099999,LJLJ,11231099999",74650
"46.042,14.592",2022-09-08,19.9,15.0,17.6,19.9,15.0,17.6,16.0,90.4,16.02,100,29.17,rain,0,0.0,39.2,13.2,72.8,1013.7,64.1,14.9,63.7,3.2,2,,2022-09-08T06:30:44,2022-09-08T19:27:10,0.47,"Rain, Partially cloudy",Partly cloudy throughout the day with rain.,rain,"14010099999,E3154,14015099999,14012099999,11331099999,14219099999,14014099999,11232099999,14118099999,14112099999,16110099999,LJLJ,11231099999",74650
"46.042,14.592",2022-09-09,19.3,15.8,17.3,19.3,15.8,17.3,16.0,92.0,11.72,100,50.0,rain,0,0.0,23.8,12.6,91.3,1014.7,79.5,12.7,104.0,5.3,4,,2022-09-09T06:31:58,2022-09-09T19:25:14,0.49,"Rain, Partially cloudy",Partly cloudy throughout the day with a chance of rain throughout the day.,rain,"14216099999,14010099999,E3154,14015099999,14012099999,11331099999,14219099999,14014099999,11232099999,C7200,14118099999,14112099999,16110099999,LJLJ,11231099999",74650
"46.042,14.592",2022-09-10,22.5,11.5,16.8,22.5,11.5,16.8,13.6,83.5,0.57,100,16.67,rain,0,0.0,33.5,11.8,325.4,1015.3,61.8,11.3,292.5,14.9,8,,2022-09-10T06:33:13,2022-09-10T19:23:18,0.5,"Rain, Partially cloudy",Partly cloudy throughout the day with rain.,rain,"14216099999,14010099999,E3154,14015099999,14012099999,11331099999,14219099999,14014099999,11232099999,14118099999,14112099999,16110099999,LJLJ,11231099999",74650
"46.042,14.592",2022-09-11,24.2,11.2,16.3,24.2,11.2,16.3,11.3,75.6,3.15,100,8.33,rain,0,0.0,14.5,11.9,313.2,1016.1,48.3,19.1,385.4,17.9,8,,2022-09-11T06:34:28,2022-09-11T19:21:21,0.51,"Rain, Partially cloudy",Clearing in the afternoon with rain.,rain,"14216099999,LJCE,14010099999,E3154,14015099999,14012099999,11331099999,14219099999,14014099999,LOWK,11232099999,14118099999,14112099999,16110099999,LJLJ,11231099999",74650
"46.042,14.592",2022-09-12,24.6,8.0,16.4,24.6,7.5,16.3,10.1,70.1,0.0,0,0.0,,0,0.0,18.1,10.5,269.7,1016.7,23.1,26.8,414.4,21.0,8,,2022-09-12T06:35:43,2022-09-12T19:19:24,0.53,Partially cloudy,Partly cloudy throughout the day.,partly-cloudy-day,"14216099999,14010099999,E3154,14015099999,14012099999,11331099999,14219099999,14023099999,14014099999,14024099999,11232099999,14118099999,14112099999,16110099999,LJLJ,11231099999",74650
"46.042,14.592",2022-09-13,26.3,9.0,17.5,26.3,9.0,17.5,12.4,74.8,0.0,0,0.0,,0,0.0,34.8,17.5,242.4,1013.9,22.4,26.1,436.4,20.3,9,,2022-09-13T06:36:58,2022-09-13T19:17:27,0.56,Partially cloudy,Partly cloudy throughout the day.,partly-cloudy-day,"14216099999,LJCE,14010099999,E3154,14015099999,14012099999,11331099999,14219099999,14014099999,11232099999,14118099999,14112099999,16110099999,LJLJ,11231099999",74650
"46.042,14.592",2022-09-14,24.5,14.2,19.8,24.5,14.2,19.8,15.1,75.6,0.0,0,0.0,,0,0.0,61.2,17.7,240.3,1010.5,69.0,25.0,125.3,5.9,3,,2022-09-14T06:38:13,2022-09-14T19:15:29,0.6,Partially cloudy,Partly cloudy throughout the day.,partly-cloudy-day,"14010099999,E3154,14015099999,14012099999,11331099999,14219099999,14014099999,11232099999,14118099999,14112099999,16110099999,LJLJ,11231099999",74650
"46.042,14.592",2022-09-15,22.7,15.9,19.0,22.7,15.9,19.0,17.2,89.9,86.73,100,50.0,rain,0,0.0,50.4,16.9,293.0,1007.2,80.3,14.9,129.7,5.6,7,,2022-09-15T06:39:28,2022-09-15T19:13:32,0.64,"Rain, Partially cloudy",Partly cloudy throughout the day with a chance of rain throughout the day.,rain,"14216099999,LJCE,14010099999,E3154,14015099999,14012099999,11331099999,14219099999,14014099999,11232099999,14118099999,14112099999,16110099999,LJLJ,11231099999",74650
"46.042,14.592",2022-09-16,16.1,11.9,14.5,16.1,11.9,14.5,13.9,96.2,51.22,100,62.5,rain,0,0.0,31.7,14.7,95.6,1008.2,85.8,8.3,39.2,1.5,2,,2022-09-16T06:40:43,2022-09-16T19:11:34,0.69,"Rain, Partially cloudy",Partly cloudy throughout the day with a chance of rain throughout the day.,rain,"14216099999,14010099999,E3154,14015099999,14012099999,11331099999,14219099999,14014099999,11232099999,14118099999,14112099999,16110099999,LJLJ,11231099999",74650
"46.042,14.592",2022-09-17,12.4,8.9,10.9,12.4,8.9,10.9,9.7,92.4,40.37,100,16.67,rain,0,0.4,16.5,7.8,111.3,1009.4,87.0,25.9,59.5,2.6,1,,2022-09-17T06:41:58,2022-09-17T19:09:36,0.74,"Rain, Partially cloudy",Partly cloudy throughout the day with a chance of rain throughout the day.,rain,"LJCE,14010099999,E3154,14015099999,14012099999,14121099999,11331099999,14014099999,11232099999,14118099999,14112099999,16110099999,LJLJ,11231099999",74650
"46.042,14.592",2022-09-18,19.8,7.0,11.8,19.8,7.0,11.8,7.3,77.3,11.61,100,4.17,rain,0,0.0,28.5,13.3,272.2,1014.0,78.8,35.4,356.7,16.8,9,,2022-09-18T06:43:14,2022-09-18T19:07:38,0.78,"Rain, Partially cloudy",Partly cloudy throughout the day with morning rain.,rain,"14010099999,E3154,14015099999,14012099999,14121099999,11331099999,14219099999,14014099999,11232099999,14118099999,14112099999,LJLJ,11231099999",74650
"46.042,14.592",2022-09-19,20.2,8.4,13.5,20.2,7.6,13.5,6.8,69.7,0.39,100,29.17,rain,0,0.0,25.9,18.4,297.0,1013.7,44.3,25.5,429.4,20.0,9,,2022-09-19T06:44:29,2022-09-19T19:05:40,0.83,"Rain, Partially cloudy",Partly cloudy throughout the day with rain.,rain,"14216099999,LJCE,14010099999,E3154,14015099999,14012099999,14121099999,11331099999,14219099999,14014099999,11232099999,14118099999,14112099999,16110099999,LJLJ,11231099999",74650
"46.042,14.592",2022-09-20,19.6,2.2,11.2,19.6,0.9,11.1,4.8,69.6,0.0,0,0.0,,0,0.0,19.0,7.6,117.9,1019.0,35.9,25.3,331.5,15.4,8,,2022-09-20T06:45:45,2022-09-20T19:03:42,0.87,Partially cloudy,Partly cloudy throughout the day.,partly-cloudy-day,"14216099999,LJCE,14010099999,E3154,14015099999,14012099999,11331099999,14219099999,14014099999,LOWK,11232099999,14118099999,14112099999,16110099999,LJLJ,11231099999",74650
"46.042,14.592",2022-09-21,16.9,3.1,10.2,16.9,3.1,10.2,5.2,74.7,0.35,100,4.17,rain,0,0.0,25.2,8.5,95.3,1023.1,40.4,20.7,312.3,14.7,9,,2022-09-21T06:47:00,2022-09-21T19:01:44,0.91,"Rain, Partially cloudy",Partly cloudy throughout the day with morning rain.,rain,"14216099999,LJCE,14010099999,E3154,14015099999,14012099999,11331099999,14219099999,14014099999,11232099999,14118099999,14112099999,16110099999,LJLJ,11231099999",74650
"46.042,14.592",2022-09-22,17.0,1.1,9.0,17.0,1.1,8.9,3.8,73.6,0.0,0,0.0,,0,0.0,15.5,7.5,268.8,1022.9,24.3,21.9,374.5,17.3,9,,2022-09-22T06:48:16,2022-09-22T18:59:46,0.95,Partially cloudy,Partly cloudy throughout the day.,partly-cloudy-day,"14216099999,14010099999,E3154,14015099999,14012099999,11331099999,14219099999,14014099999,11232099999,14118099999,14112099999,16110099999,LJLJ,11231099999",74650
"46.042,14.592",2022-09-23,19.4,1.2,9.9,19.4,-0.4,9.7,4.9,74.5,0.0,0,0.0,,0,0.0,17.2,10.0,290.9,1020.7,18.7,23.0,386.6,18.2,7,,2022-09-23T06:49:32,2022-09-23T18:57:48,0.97,Clear,Clear conditions throughout the day.,clear-day,"14216099999,14010099999,E3154,14015099999,14012099999,11331099999,14219099999,14014099999,11232099999,14118099999,14112099999,16110099999,LJLJ,11231099999",74650
"46.042,14.592",2022-09-24,16.2,4.4,11.1,16.2,4.4,11.1,8.0,82.0,0.04,100,4.17,rain,0,0.0,31.7,15.3,293.7,1016.7,61.1,19.3,87.1,4.0,2,,2022-09-24T06:50:48,2022-09-24T18:55:51,0.99,"Rain, Partially cloudy",Partly cloudy throughout the day with late afternoon rain.,rain,"14010099999,E3154,14015099999,14012099999,11331099999,14219099999,14014099999,11232099999,14118099999,14112099999,16110099999,LJLJ,11231099999",74650
"46.042,14.592",2022-09-25,13.2,11.5,12.3,13.2,11.5,12.3,11.6,95.7,34.52,100,45.83,rain,0,0.0,11.4,9.5,64.8,1012.9,86.9,11.1,54.6,2.6,2,,2022-09-25T06:52:04,2022-09-25T18:53:53,1.0,"Rain, Partially cloudy",Partly cloudy throughout the day with a chance of rain throughout the day.,rain,"14216099999,LJCE,14010099999,E3154,14015099999,14012099999,11331099999,14219099999,14014099999,11232099999,C7200,14118099999,14112099999,16110099999,LJLJ,11231099999",74650
"46.042,14.592",2022-09-26,15.8,10.0,12.9,15.8,10.0,12.9,11.8,93.5,4.3,100,45.83,rain,0,0.0,25.9,10.9,286.9,1007.9,73.5,12.2,124.3,5.8,4,,2022-09-26T06:53:20,2022-09-26T18:51:56,0.0,"Rain, Partially cloudy",Partly cloudy throughout the day with a chance of rain throughout the day.,rain,"LJCE,14010099999,E3154,14015099999,14012099999,11331099999,14219099999,14014099999,11232099999,C7200,14118099999,14112099999,16110099999,LJLJ,11231099999",74650
"46.042,14.592",2022-09-27,13.2,8.8,11.1,13.2,8.8,11.0,10.2,94.0,7.61,100,50.0,rain,0,0.0,28.4,17.5,299.8,1002.0,81.7,13.0,54.2,2.4,1,,2022-09-27T06:54:37,2022-09-27T18:49:58,0.01,"Rain, Partially cloudy",Partly cloudy throughout the day with a chance of rain throughout the day.,rain,"LJCE,14010099999,E3154,14015099999,14012099999,11331099999,14219099999,14014099999,11232099999,C7200,14118099999,14112099999,16110099999,LJLJ,11231099999",74650
"46.042,14.592",2022-09-28,14.1,6.1,10.5,14.1,5.3,10.4,9.4,92.9,0.45,100,8.33,rain,0,0.0,17.7,9.0,35.3,1002.4,79.2,12.9,165.1,7.7,9,,2022-09-28T06:55:53,2022-09-28T18:48:01,0.04,"Rain, Partially cloudy",Partly cloudy throughout the day with rain.,rain,"LJCE,14010099999,E3154,14015099999,14012099999,11331099999,14219099999,14014099999,LOWK,11232099999,14118099999,14112099999,16110099999,LJLJ,11231099999",74650
"46.042,14.592",2022-09-29,12.6,10.0,11.4,12.6,10.0,11.4,11.0,97.5,56.63,100,70.83,rain,0,0.0,28.7,16.4,118.7,1001.8,83.1,10.3,33.4,1.7,1,,2022-09-29T06:57:10,2022-09-29T18:46:04,0.07,"Rain, Partially cloudy",Partly cloudy throughout the day with a chance of rain throughout the day.,rain,"LJCE,14010099999,E3154,14015099999,14012099999,11331099999,14219099999,14014099999,11232099999,14118099999,14112099999,16110099999,LJLJ,11231099999",74650
"46.042,14.592",2022-09-30,16.8,10.1,12.9,16.8,10.1,12.9,11.6,92.2,7.72,100,66.67,rain,0,0.0,22.0,7.2,12.2,1009.8,82.3,10.3,86.9,3.9,3,,2022-09-30T06:58:27,2022-09-30T18:44:08,0.12,"Rain, Partially cloudy",Partly cloudy throughout the day with a chance of rain throughout the day.,rain,"LJCE,14010099999,D9783,E3154,14015099999,14012099999,11331099999,14219099999,14014099999,LOWK,11232099999,C7200,14118099999,14112099999,16110099999,LJLJ,11231099999",74650
"46.042,14.592",2022-10-01,17.8,11.1,14.1,17.8,11.1,14.1,11.9,87.5,2.57,100,41.67,rain,0,0.0,39.6,14.4,265.7,1014.0,68.4,17.0,257.9,8.4,8,,2022-10-01T06:59:44,2022-10-01T18:42:11,0.17,"Rain, Partially cloudy",Partly cloudy throughout the day with a chance of rain throughout the day.,rain,"14216099999,14010099999,E3154,14015099999,14012099999,14121099999,11331099999,14219099999,14014099999,11232099999,C7200,14118099999,14112099999,16110099999,14008099999,LJLJ,11231099999",74650
"46.042,14.592",2022-10-02,19.4,6.4,13.2,19.4,4.6,13.1,10.5,84.8,0.01,100,4.17,rain,0,0.0,24.4,10.0,253.6,1018.8,32.3,17.6,238.4,9.6,8,,2022-10-02T07:01:02,2022-10-02T18:40:16,0.22,"Rain, Partially cloudy",Becoming cloudy in the afternoon with late afternoon rain.,rain,"14010099999,D9783,E3154,14015099999,14012099999,11331099999,14219099999,14014099999,11232099999,14118099999,14112099999,16110099999,LJLJ,11231099999",74650
"46.042,14.592",2022-10-03,20.5,9.8,13.7,20.5,9.1,13.6,10.5,83.5,0.0,0,0.0,,0,0.0,22.3,8.8,3.0,1020.1,28.5,16.7,319.8,15.0,7,,2022-10-03T07:02:20,2022-10-03T18:38:20,0.28,Partially cloudy,Clearing in the afternoon.,partly-cloudy-day,"14216099999,LJCE,14010099999,E3154,14015099999,14012099999,11331099999,14219099999,14014099999,LOWK,11232099999,C7200,14118099999,14112099999,16110099999,LJLJ,11231099999",74650
"46.042,14.592",2022-10-04,18.7,4.8,11.5,18.7,4.8,11.5,8.0,80.6,0.0,0,0.0,,0,0.0,16.1,8.2,137.9,1024.0,37.5,17.2,304.8,14.3,7,,2022-10-04T07:03:38,2022-10-04T18:36:25,0.34,Partially cloudy,Partly cloudy throughout the day.,partly-cloudy-day,"14010099999,E3154,14015099999,14012099999,14121099999,11331099999,14219099999,14014099999,11232099999,C7200,14118099999,14112099999,16110099999,LJLJ,11231099999",74650
"46.042,14.592",2022-10-05,20.3,6.6,13.1,20.3,6.6,13.1,9.8,82.1,0.0,0,0.0,,0,0.0,27.9,14.1,239.8,1026.8,41.0,21.8,360.3,10.3,6,,2022-10-05T07:04:56,2022-10-05T18:34:30,0.39,Partially cloudy,Partly cloudy throughout the day.,partly-cloudy-day,"LJCE,14010099999,E3154,14015099999,14012099999,11331099999,14219099999,14014099999,14024099999,11232099999,C7200,14118099999,14112099999,16110099999,14008099999,LJLJ,11231099999",74650
"46.042,14.592",2022-10-06,22.5,9.3,14.7,22.5,9.3,14.7,10.6,78.5,0.0,0,0.0,,0,0.0,17.6,7.1,57.1,1028.7,15.9,30.5,301.8,13.1,7,,2022-10-06T07:06:15,2022-10-06T18:32:36,0.43,Clear,Clear conditions throughout the day.,clear-day,"14014099999,14010099999,E3154,14118099999,14015099999,14012099999,14112099999",74650
"46.042,14.592",2022-10-07,22.0,10.7,15.1,22.0,10.7,15.1,10.9,77.5,0.0,0,0.0,,0,0.0,15.1,5.1,127.6,1026.6,25.7,35.3,377.1,14.9,7,,2022-10-07T07:07:33,2022-10-07T18:30:42,0.47,Partially cloudy,Partly cloudy throughout the day.,partly-cloudy-day,"14014099999,14010099999,E3154,14118099999,14015099999,14012099999,14112099999,14121099999",74650
"46.042,14.592",2022-10-08,20.3,9.4,14.3,20.3,9.4,14.3,11.6,84.5,0.0,0,0.0,,0,0.0,11.1,4.8,1.8,1020.7,49.5,19.4,279.9,12.1,6,,2022-10-08T07:08:52,2022-10-08T18:28:49,0.49,Partially cloudy,Partly cloudy throughout the day.,partly-cloudy-day,"14014099999,14010099999,E3154,14118099999,14012099999,14112099999,14015099999,14121099999",74650
"46.042,14.592",2022-10-09,16.7,12.1,13.9,16.7,12.1,13.9,11.0,83.7,0.0,0,0.0,,0,0.0,15.4,6.0,47.6,1023.9,71.6,22.8,104.8,4.4,3,,2022-10-09T07:10:12,2022-10-09T18:26:57,0.5,Partially cloudy,Partly cloudy throughout the day.,partly-cloudy-day,"14014099999,14010099999,E3154,14118099999,14012099999,14112099999,14015099999,14121099999",74650
"46.042,14.592",2022-10-10,19.5,11.5,14.2,19.5,11.5,14.2,9.8,76.1,0.0,0,0.0,,0,0.0,12.5,4.9,33.2,1022.6,60.1,28.1,204.4,8.8,5,,2022-10-10T07:11:31,2022-10-10T18:25:05,0.5,Partially cloudy,Partly cloudy throughout the day.,partly-cloudy-day,"14014099999,14010099999,E3154,14118099999,14015099999,14012099999,14112099999",74650
"46.042,14.592",2022-10-11,20.5,9.0,13.7,20.5,9.0,13.7,10.3,81.8,0.0,0,0.0,,0,0.0,14.4,7.1,140.2,1022.7,30.9,16.2,216.8,9.4,6,,2022-10-11T07:12:51,2022-10-11T18:23:14,0.52,Partially cloudy,Partly cloudy throughout the day.,partly-cloudy-day,"14014099999,14010099999,E3154,14118099999,14012099999,14112099999,14015099999,14121099999",74650
"46.042,14.592",2022-10-12,19.1,9.3,13.5,19.1,9.3,13.5,9.8,80.3,0.0,0,0.0,,0,0.0,13.0,7.5,137.6,1024.1,23.5,20.9,150.8,6.5,4,,2022-10-12T07:14:11,2022-10-12T18:21:23,0.54,Partially cloudy,Partly cloudy throughout the day.,partly-cloudy-day,"14014099999,14010099999,E3154,C7200,14118099999,14012099999,14112099999,14015099999,14121099999",74650
"46.042,14.592",2022-10-13,18.0,8.2,12.1,18.0,8.2,12.1,9.3,83.8,0.0,0,0.0,,0,0.0,15.1,7.0,66.5,1022.6,31.3,10.2,283.9,11.2,6,,2022-10-13T07:15:32,2022-10-13T18:19:33,0.57,Partially cloudy,Partly cloudy throughout the day.,partly-cloudy-day,"14216099999,14010099999,E3154,14012099999,14015099999,14121099999,11331099999,14219099999,14014099999,11232099999,14118099999,14112099999,LJLJ,11231099999",74650
"46.042,14.592",2022-10-14,19.1,8.3,12.8,19.1,7.8,12.8,9.3,81.3,0.0,0,0.0,,0,0.0,15.5,5.3,61.5,1018.6,41.7,9.7,270.4,10.8,6,,2022-10-14T07:16:53,2022-10-14T18:17:44,0.61,Partially cloudy,Clearing in the afternoon.,partly-cloudy-day,"LJCE,14014099999,LOWK,14010099999,E3154,14118099999,14015099999,14012099999,14112099999,14121099999,LJLJ",74650
"46.042,14.592",2022-10-15,17.4,8.9,12.4,17.4,8.9,12.4,10.0,86.1,0.09,100,4.17,rain,0,0.0,10.6,4.7,27.9,1017.5,43.3,5.5,143.7,6.1,3,,2022-10-15T07:18:14,2022-10-15T18:15:55,0.65,"Rain, Partially cloudy",Partly cloudy throughout the day with late afternoon rain.,rain,"14014099999,14010099999,E3154,14118099999,14012099999,14112099999,14015099999,14121099999",74650
"46.042,14.592",2022-10-16,21.8,8.9,13.4,21.8,8.9,13.4,10.4,83.6,0.01,100,4.17,rain,0,0.0,14.0,7.0,220.7,1023.3,11.7,6.3,238.5,9.3,5,,2022-10-16T07:19:35,2022-10-16T18:14:08,0.7,Rain,Clear conditions throughout the day with morning rain.,rain,"14014099999,14010099999,E3154,14118099999,14015099999,14012099999,14112099999",74650
"46.042,14.592",2022-10-17,21.6,7.2,13.4,21.6,7.2,13.4,10.6,85.2,0.0,0,0.0,,0,0.0,9.3,5.4,341.0,1029.6,26.2,8.9,252.0,10.0,6,,2022-10-17T07:20:57,2022-10-17T18:12:21,0.74,Partially cloudy,Clearing in the afternoon.,partly-cloudy-day,"LJCE,14014099999,LOWK,14010099999,E3154,14118099999,14015099999,14012099999,14112099999,14121099999,LJLJ",74650
"46.042,14.592",2022-10-18,21.2,8.0,13.3,21.2,8.0,13.3,10.7,86.2,0.0,0,0.0,,0,0.0,7.6,4.1,302.6,1027.4,14.6,9.1,260.0,10.3,6,,2022-10-18T07:22:19,2022-10-18T18:10:35,0.79,Clear,Clear conditions throughout the day.,clear-day,"LJCE,14014099999,14024099999,LOWK,14010099999,E3154,14118099999,14015099999,14012099999,14112099999,LJLJ",74650
"46.042,14.592",2022-10-19,20.1,10.5,14.0,20.1,10.5,14.0,11.2,84.4,0.0,0,0.0,,0,0.0,16.2,7.7,107.5,1024.2,23.1,10.1,267.7,10.7,6,,2022-10-19T07:23:42,2022-10-19T18:08:51,0.84,Partially cloudy,Partly cloudy throughout the day.,partly-cloudy-day,"14014099999,14010099999,E3154,14118099999,14015099999,14012099999,14112099999",74650
"46.042,14.592",2022-10-20,15.1,10.7,13.3,15.1,10.7,13.3,8.4,73.0,0.0,0,0.0,,0,0.0,16.3,9.8,57.9,1024.6,79.6,31.0,91.8,3.6,2,,2022-10-20T07:25:04,2022-10-20T18:07:07,0.88,Partially cloudy,Partly cloudy throughout the day.,partly-cloudy-day,"14014099999,14010099999,E3154,14118099999,14015099999,14012099999,14112099999",74650
"46.042,14.592",2022-10-21,18.5,8.8,13.3,18.5,8.8,13.3,9.8,79.7,0.0,0,0.0,,0,0.0,28.6,13.3,253.1,1020.2,79.6,26.3,100.1,4.0,2,,2022-10-21T07:26:27,2022-10-21T18:05:24,0.92,Partially cloudy,Partly cloudy throughout the day.,partly-cloudy-day,"LJCE,14010099999,E3154,14015099999,14012099999,14121099999,11331099999,14219099999,14014099999,LOWK,11232099999,14118099999,14112099999,LJLJ,11231099999",74650
"46.042,14.592",2022-10-22,17.0,12.1,15.0,17.0,12.1,15.0,12.4,85.3,26.96,100,12.5,rain,0,0.0,33.3,13.7,258.7,1019.1,75.5,24.1,18.4,0.8,0,,2022-10-22T07:27:51,2022-10-22T18:03:42,0.96,"Rain, Partially cloudy",Partly cloudy throughout the day with rain.,rain,"14014099999,14010099999,E3154,C7200,14118099999,14015099999,14012099999,14112099999",74650
"46.042,14.592",2022-10-23,17.0,10.4,13.2,17.0,10.4,13.2,11.7,91.2,2.62,100,8.33,rain,0,0.0,20.6,10.6,326.3,1022.7,74.2,16.6,109.5,4.4,2,,2022-10-23T07:29:14,2022-10-23T18:02:01,0.98,"Rain, Partially cloudy",Partly cloudy throughout the day with rain in the morning and afternoon.,rain,"14014099999,14010099999,E3154,14118099999,14015099999,14012099999,14112099999,14121099999",74650
"46.042,14.592",2022-10-24,19.9,11.9,15.5,19.9,11.9,15.5,13.3,87.5,0.0,0,0.0,,0,0.0,26.3,14.2,248.7,1019.5,73.6,9.5,95.9,3.9,4,,2022-10-24T07:30:38,2022-10-24T18:00:21,1.0,Partially cloudy,Partly cloudy throughout the day.,partly-cloudy-day,"LJCE,LOWK,E3154,LJLJ",74650
"46.042,14.592",2022-10-25,17.1,9.2,13.2,17.1,9.2,13.2,12.0,92.7,2.5,100,16.67,rain,0,0.0,10.1,13.3,284.7,1021.0,74.1,9.6,106.8,4.3,2,,2022-10-25T07:32:02,2022-10-25T17:58:43,0.0,"Rain, Partially cloudy",Partly cloudy throughout the day with morning rain.,rain,"LJCE,LOWK,E3154,C7200,LJLJ",74650
"46.096,14.47",2022-09-01,17.9,13.9,15.6,17.9,13.9,15.6,13.8,88.8,1.08,100,37.5,rain,0,0.0,23.8,15.1,160.0,1017.1,83.0,17.3,147.1,7.4,7,,2022-09-01T06:22:25,2022-09-01T19:41:06,0.13,"Rain, Partially cloudy",Partly cloudy throughout the day with a chance of rain throughout the day.,rain,"14010099999,E3154,14006099999,14015099999,14012099999,11213099999,11331099999,14219099999,14014099999,LOWK,11232099999,14112099999,LJLJ,11231099999",67867
"46.096,14.47",2022-09-02,22.7,8.2,16.0,22.7,8.2,16.0,10.6,73.4,0.0,0,0.0,,0,0.0,28.8,13.8,108.1,1017.2,37.8,20.2,433.5,22.0,9,,2022-09-02T06:23:40,2022-09-02T19:39:12,0.18,Partially cloudy,Partly cloudy throughout the day.,partly-cloudy-day,"14010099999,E3154,14006099999,14015099999,14012099999,11213099999,11331099999,14219099999,14014099999,11232099999,14112099999,LJLJ,11231099999",67867
"46.096,14.47",2022-09-03,24.8,9.2,17.6,24.8,9.2,17.6,11.4,70.1,0.0,0,0.0,,0,0.0,20.8,10.1,141.2,1016.4,37.4,21.0,410.4,20.7,8,,2022-09-03T06:24:55,2022-09-03T19:37:19,0.24,Partially cloudy,Becoming cloudy in the afternoon.,partly-cloudy-day,"14010099999,E3154,14006099999,11227099999,14015099999,14012099999,11213099999,11331099999,14219099999,14014099999,LOWK,11232099999,14112099999,16110099999,14008099999,LJLJ,11231099999",67867
"46.096,14.47",2022-09-04,27.7,11.3,18.8,27.2,11.3,18.8,12.9,72.5,0.06,100,4.17,rain,0,0.0,33.1,22.7,145.9,1019.6,39.0,23.9,315.5,15.7,9,,2022-09-04T06:26:10,2022-09-04T19:35:24,0.29,"Rain, Partially cloudy",Partly cloudy throughout the day with late afternoon rain.,rain,"14010099999,E3154,14006099999,14015099999,14012099999,11213099999,11331099999,14219099999,14014099999,LOWK,11232099999,14112099999,16110099999,LJLJ,11231099999",67867
"46.096,14.47",2022-09-05,26.9,11.1,19.2,27.2,11.1,19.2,14.3,76.6,0.24,100,8.33,rain,0,0.0,17.1,14.4,101.4,1022.8,33.5,18.4,394.9,20.1,9,,2022-09-05T06:27:25,2022-09-05T19:33:29,0.35,"Rain, Partially cloudy",Partly cloudy throughout the day with rain.,rain,"14010099999,E3154,14006099999,14015099999,14012099999,11227099999,11213099999,11331099999,14219099999,14014099999,11232099999,14112099999,LJLJ,11231099999",67867
"46.096,14.47",2022-09-06,29.2,13.2,21.4,28.9,13.2,21.4,14.8,69.2,0.05,100,12.5,rain,0,0.0,28.5,14.6,252.8,1019.1,26.7,21.9,430.6,21.8,8,,2022-09-06T06:28:40,2022-09-06T19:31:34,0.4,"Rain, Partially cloudy",Partly cloudy throughout the day with rain clearing later.,rain,"14010099999,E3154,14006099999,14015099999,14012099999,11227099999,11213099999,11331099999,14219099999,14014099999,11232099999,14112099999,LJLJ,11231099999",67867
"46.096,14.47",2022-09-07,29.8,14.1,21.8,29.6,14.1,21.8,15.4,70.0,0.0,0,0.0,,0,0.0,31.1,14.3,215.2,1016.2,37.0,21.3,334.5,16.9,8,,2022-09-07T06:29:55,2022-09-07T19:29:39,0.44,Partially cloudy,Becoming cloudy in the afternoon.,partly-cloudy-day,"14010099999,E3154,14006099999,14015099999,14012099999,11213099999,11331099999,14219099999,14014099999,11232099999,14112099999,LJLJ,11231099999",67867
"46.096,14.47",2022-09-08,19.3,15.0,17.5,19.3,15.0,17.5,16.1,91.6,15.01,100,29.17,rain,0,0.0,40.7,13.9,213.4,1013.8,65.3,14.8,63.7,3.2,2,,2022-09-08T06:31:10,2022-09-08T19:27:43,0.47,"Rain, Partially cloudy",Partly cloudy throughout the day with rain.,rain,"14010099999,E3154,14006099999,14015099999,14012099999,11213099999,11331099999,14219099999,14014099999,11232099999,14112099999,LJLJ,11231099999",67867
"46.096,14.47",2022-09-09,19.7,15.9,17.3,19.7,15.9,17.3,16.1,92.9,11.2,100,50.0,rain,0,0.0,26.6,13.7,102.0,1014.6,80.1,12.7,110.5,5.2,4,,2022-09-09T06:32:25,2022-09-09T19:25:46,0.49,"Rain, Partially cloudy",Partly cloudy throughout the day with a chance of rain throughout the day.,rain,"14010099999,E3154,14006099999,14015099999,14012099999,11213099999,11331099999,14219099999,14014099999,11232099999,14112099999,LJLJ,11231099999",67867
"46.096,14.47",2022-09-10,22.8,11.2,16.7,22.8,11.2,16.7,13.6,84.3,0.07,100,16.67,rain,0,0.0,33.5,12.5,312.5,1015.4,63.9,10.4,292.5,14.9,8,,2022-09-10T06:33:40,2022-09-10T19:23:50,0.5,"Rain, Partially cloudy",Partly cloudy throughout the day with rain.,rain,"14010099999,E3154,14006099999,14015099999,14012099999,11213099999,11331099999,14219099999,14014099999,LOWK,11232099999,14112099999,16110099999,LJLJ,11231099999",67867
"46.096,14.47",2022-09-11,23.7,11.1,16.3,23.7,11.1,16.3,11.3,76.1,2.81,100,8.33,rain,0,0.0,15.8,12.5,315.5,1016.1,49.2,18.8,385.4,17.9,8,,2022-09-11T06:34:55,2022-09-11T19:21:53,0.51,"Rain, Partially cloudy",Clearing in the afternoon with rain.,rain,"14010099999,E3154,14006099999,14015099999,14012099999,11213099999,11331099999,14219099999,14014099999,LOWK,11232099999,14112099999,16110099999,LJLJ,11231099999",67867
"46.096,14.47",2022-09-12,24.1,8.0,16.3,24.1,7.0,16.3,10.2,70.8,0.0,0,0.0,,0,0.0,18.1,10.4,256.4,1016.7,23.3,26.2,414.4,21.0,8,,2022-09-12T06:36:10,2022-09-12T19:19:55,0.53,Partially cloudy,Partly cloudy throughout the day.,partly-cloudy-day,"14010099999,E3154,14006099999,14015099999,14012099999,11227099999,11213099999,11331099999,14219099999,14014099999,LOWK,11232099999,14112099999,16110099999,14008099999,LJLJ,11231099999",67867
"46.096,14.47",2022-09-13,26.7,9.0,17.4,26.7,9.0,17.4,12.4,75.3,0.0,0,0.0,,0,0.0,36.4,17.5,241.2,1014.0,22.2,25.9,436.4,20.3,9,,2022-09-13T06:37:25,2022-09-13T19:17:58,0.56,Partially cloudy,Partly cloudy throughout the day.,partly-cloudy-day,"14010099999,E3154,14006099999,11227099999,14015099999,14012099999,11213099999,11331099999,14219099999,14014099999,11232099999,14112099999,16110099999,LJLJ,11231099999",67867
"46.096,14.47",2022-09-14,24.1,14.0,19.7,24.1,14.0,19.7,15.1,76.7,0.07,100,8.33,rain,0,0.0,61.2,17.6,241.1,1010.6,70.7,24.7,125.3,5.9,3,,2022-09-14T06:38:40,2022-09-14T19:16:00,0.6,"Rain, Partially cloudy",Partly cloudy throughout the day with rain.,rain,"14010099999,E3154,14006099999,14015099999,14012099999,11213099999,11331099999,14219099999,14014099999,11232099999,14112099999,LJLJ,11231099999",67867
"46.096,14.47",2022-09-15,22.2,16.0,18.9,22.2,16.0,18.9,17.3,91.1,85.52,100,45.83,rain,0,0.0,50.4,16.5,283.4,1007.2,81.3,14.9,129.7,5.6,7,,2022-09-15T06:39:56,2022-09-15T19:14:03,0.64,"Rain, Partially cloudy",Partly cloudy throughout the day with a chance of rain throughout the day.,rain,"14010099999,E3154,14006099999,14015099999,14012099999,11213099999,11331099999,14219099999,14014099999,11229099999,11232099999,14112099999,16110099999,LJLJ,11231099999",67867
"46.096,14.47",2022-09-16,15.9,12.0,14.4,15.9,12.0,14.4,13.9,97.0,50.59,100,62.5,rain,0,0.0,40.0,15.7,98.7,1008.2,86.8,8.3,39.2,1.5,2,,2022-09-16T06:41:11,2022-09-16T19:12:05,0.69,"Rain, Partially cloudy",Partly cloudy throughout the day with a chance of rain throughout the day.,rain,"14010099999,E3154,14006099999,14015099999,14012099999,11227099999,11213099999,11331099999,14219099999,14014099999,LOWK,11232099999,14112099999,LJLJ,11231099999",67867
"46.096,14.47",2022-09-17,12.4,8.8,10.8,12.4,8.8,10.7,9.7,93.5,34.81,100,29.17,rain,0,0.4,16.7,8.1,114.0,1009.4,84.6,25.7,59.5,2.6,1,,2022-09-17T06:42:26,2022-09-17T19:10:07,0.74,"Rain, Partially cloudy",Partly cloudy throughout the day with a chance of rain throughout the day.,rain,"14010099999,E3154,14006099999,14015099999,14012099999,11213099999,11331099999,14014099999,11232099999,14112099999,14008099999,LJLJ,11231099999",67867
"46.096,14.47",2022-09-18,19.7,6.5,11.6,19.7,6.5,11.6,7.3,78.2,9.29,100,4.17,rain,0,0.0,28.3,13.1,281.1,1013.9,75.5,35.2,356.7,16.8,9,,2022-09-18T06:43:42,2022-09-18T19:08:09,0.78,"Rain, Partially cloudy",Partly cloudy throughout the day with morning rain.,rain,"11331099999,14219099999,14014099999,14010099999,11232099999,E3154,14006099999,14015099999,14112099999,14012099999,LJLJ,11231099999",67867
"46.096,14.47",2022-09-19,19.7,8.0,13.5,19.7,7.4,13.4,6.8,70.3,0.29,100,20.83,rain,0,0.0,27.7,19.5,293.6,1013.7,44.8,25.2,429.4,20.0,9,,2022-09-19T06:44:57,2022-09-19T19:06:10,0.83,"Rain, Partially cloudy",Partly cloudy throughout the day with rain clearing later.,rain,"14010099999,E3154,14006099999,14015099999,14012099999,11213099999,11331099999,14219099999,14014099999,LOWK,11229099999,11232099999,14112099999,16110099999,LJLJ,11231099999",67867
"46.096,14.47",2022-09-20,18.8,2.1,11.2,18.8,0.7,11.1,4.9,70.3,0.0,0,0.0,,0,0.0,20.5,7.8,115.0,1019.0,35.6,24.8,331.5,15.4,8,,2022-09-20T06:46:13,2022-09-20T19:04:12,0.87,Partially cloudy,Partly cloudy throughout the day.,partly-cloudy-day,"14010099999,E3154,14006099999,14015099999,14012099999,11213099999,11331099999,14219099999,14014099999,LOWK,11232099999,14112099999,16110099999,LJLJ,11231099999",67867
"46.096,14.47",2022-09-21,16.4,3.1,10.1,16.4,3.1,10.0,5.4,76.4,0.34,100,4.17,rain,0,0.0,27.0,9.0,103.2,1023.2,42.1,20.1,312.3,14.7,9,,2022-09-21T06:47:29,2022-09-21T19:02:14,0.91,"Rain, Partially cloudy",Becoming cloudy in the afternoon with morning rain.,rain,"14010099999,E3154,14006099999,11227099999,14015099999,14012099999,11213099999,11331099999,14219099999,14014099999,LOWK,11232099999,14112099999,16110099999,LJLJ,11231099999",67867
"46.096,14.47",2022-09-22,16.5,1.0,9.0,16.5,1.0,8.9,3.9,74.1,0.0,0,0.0,,0,0.0,16.9,7.6,223.9,1022.8,24.8,21.8,374.5,17.3,9,,2022-09-22T06:48:45,2022-09-22T19:00:16,0.95,Partially cloudy,Partly cloudy throughout the day.,partly-cloudy-day,"14010099999,E3154,14006099999,14015099999,14012099999,11213099999,11331099999,14219099999,14014099999,11229099999,11232099999,14112099999,LJLJ,11231099999",67867
"46.096,14.47",2022-09-23,18.8,1.1,9.8,18.8,-0.5,9.7,5.0,75.1,0.0,0,0.0,,0,0.0,17.0,9.9,278.1,1020.6,18.5,22.9,386.6,18.2,7,,2022-09-23T06:50:01,2022-09-23T18:58:18,0.97,Clear,Clear conditions throughout the day.,clear-day,"14010099999,E3154,14006099999,14015099999,14012099999,11213099999,11331099999,14219099999,14014099999,11229099999,11232099999,14112099999,16110099999,LJLJ,11231099999",67867
"46.096,14.47",2022-09-24,16.0,4.2,11.0,16.0,4.2,11.0,8.1,83.1,0.02,100,4.17,rain,0,0.0,33.1,15.9,292.6,1016.7,62.2,19.2,87.1,4.0,2,,2022-09-24T06:51:17,2022-09-24T18:56:20,0.99,"Rain, Partially cloudy",Partly cloudy throughout the day with late afternoon rain.,rain,"14010099999,E3154,14006099999,14015099999,14012099999,11213099999,11331099999,14219099999,14014099999,11232099999,14112099999,LJLJ,11231099999",67867
"46.096,14.47",2022-09-25,13.1,11.3,12.2,13.1,11.3,12.2,11.7,96.8,34.93,100,50.0,rain,0,0.0,13.0,10.3,52.0,1012.9,87.9,11.0,58.8,2.6,2,,2022-09-25T06:52:33,2022-09-25T18:54:22,1.0,"Rain, Partially cloudy",Partly cloudy throughout the day with a chance of rain throughout the day.,rain,"14010099999,E3154,14006099999,14015099999,14012099999,11227099999,11213099999,11331099999,14219099999,14014099999,11232099999,14112099999,LJLJ,11231099999",67867
"46.096,14.47",2022-09-26,15.8,10.0,12.8,15.8,10.0,12.8,11.9,94.2,3.96,100,45.83,rain,0,0.0,24.8,12.0,280.9,1007.9,74.9,12.2,134.1,5.8,4,,2022-09-26T06:53:50,2022-09-26T18:52:24,0.0,"Rain, Partially cloudy",Partly cloudy throughout the day with a chance of rain throughout the day.,rain,"14010099999,E3154,14006099999,14015099999,14012099999,11213099999,11331099999,14219099999,14014099999,11232099999,14112099999,LJLJ,11231099999",67867
"46.096,14.47",2022-09-27,12.8,8.9,10.9,12.8,8.9,10.9,10.2,95.0,9.22,100,41.67,rain,0,0.0,26.6,19.1,298.7,1002.0,82.4,13.0,57.7,2.4,1,,2022-09-27T06:55:06,2022-09-27T18:50:27,0.01,"Rain, Partially cloudy",Partly cloudy throughout the day with a chance of rain throughout the day.,rain,"14010099999,E3154,14006099999,14015099999,14012099999,11213099999,11331099999,14219099999,14014099999,11232099999,14112099999,LJLJ,11231099999",67867
"46.096,14.47",2022-09-28,13.6,6.1,10.4,13.6,5.3,10.2,9.4,94.2,1.13,100,8.33,rain,0,0.0,17.6,8.9,42.0,1002.3,79.9,12.9,165.1,7.7,9,,2022-09-28T06:56:23,2022-09-28T18:48:30,0.04,"Rain, Partially cloudy",Partly cloudy throughout the day with rain.,rain,"14010099999,E3154,14006099999,14015099999,14012099999,11227099999,11213099999,11331099999,14219099999,14014099999,LOWK,11232099999,14112099999,LJLJ,11231099999",67867
"46.096,14.47",2022-09-29,12.2,10.0,11.3,12.2,10.0,11.3,11.0,98.3,54.12,100,70.83,rain,0,0.0,33.8,17.5,117.3,1001.8,83.6,10.3,33.4,1.7,1,,2022-09-29T06:57:40,2022-09-29T18:46:33,0.07,"Rain, Partially cloudy",Partly cloudy throughout the day with a chance of rain throughout the day.,rain,"14010099999,E3154,14006099999,14015099999,14012099999,11213099999,11331099999,14219099999,14014099999,11232099999,14112099999,LJLJ,11231099999",67867
"46.096,14.47",2022-09-30,16.2,10.0,12.8,16.2,9.6,12.8,11.7,93.0,8.1,100,66.67,rain,0,0.0,23.8,7.3,330.2,1009.8,82.5,10.2,101.2,3.9,3,,2022-09-30T06:58:58,2022-09-30T18:44:36,0.12,"Rain, Partially cloudy",Partly cloudy throughout the day with a chance of rain throughout the day.,rain,"14010099999,E3154,14006099999,14015099999,14012099999,11227099999,11213099999,11331099999,14219099999,14014099999,11232099999,14112099999,LJLJ,11231099999",67867
"46.096,14.47",2022-10-01,17.9,11.1,14.0,17.9,11.1,14.0,12.0,88.6,5.26,100,37.5,rain,0,0.0,39.6,15.4,261.8,1014.0,71.8,16.6,273.4,7.9,8,,2022-10-01T07:00:15,2022-10-01T18:42:39,0.17,"Rain, Partially cloudy",Partly cloudy throughout the day with a chance of rain throughout the day.,rain,"14010099999,E3154,14006099999,14015099999,14012099999,11213099999,11331099999,14219099999,14014099999,11232099999,14112099999,14008099999,16110099999,LJLJ,11231099999",67867
"46.096,14.47",2022-10-02,19.7,6.2,13.1,19.7,4.1,13.0,10.5,85.4,0.0,0,0.0,,0,0.0,24.1,10.6,255.4,1018.8,32.0,17.6,261.7,9.6,8,,2022-10-02T07:01:33,2022-10-02T18:40:43,0.22,Partially cloudy,Becoming cloudy in the afternoon.,partly-cloudy-day,"14010099999,E3154,14006099999,14015099999,14012099999,11213099999,11331099999,14219099999,14014099999,11232099999,14112099999,LJLJ,11231099999",67867
"46.096,14.47",2022-10-03,19.8,9.9,13.6,19.8,9.1,13.5,10.6,84.6,0.0,0,0.0,,0,0.0,24.5,9.2,1.0,1020.1,29.0,16.4,345.9,15.0,7,,2022-10-03T07:02:51,2022-10-03T18:38:48,0.28,Partially cloudy,Clearing in the afternoon.,partly-cloudy-day,"14010099999,E3154,14006099999,14015099999,14012099999,11213099999,11331099999,14219099999,14014099999,LOWK,11232099999,14112099999,16110099999,LJLJ,11231099999",67867
"46.096,14.47",2022-10-04,18.8,4.9,11.5,18.8,4.9,11.5,8.1,81.2,0.0,0,0.0,,0,0.0,18.0,8.8,168.1,1023.9,38.3,16.9,329.6,14.3,7,,2022-10-04T07:04:09,2022-10-04T18:36:52,0.34,Partially cloudy,Partly cloudy throughout the day.,partly-cloudy-day,"14010099999,E3154,14006099999,14015099999,14012099999,11213099999,11331099999,14219099999,14014099999,11232099999,14112099999,LJLJ,11231099999",67867
"46.096,14.47",2022-10-05,19.9,6.7,13.1,19.9,6.7,13.0,9.9,82.7,0.0,0,0.0,,0,0.0,27.8,14.1,236.4,1026.7,44.3,21.5,325.9,8.1,6,,2022-10-05T07:05:27,2022-10-05T18:34:58,0.39,Partially cloudy,Partly cloudy throughout the day.,partly-cloudy-day,"14010099999,E3154,14006099999,14015099999,14012099999,11213099999,11331099999,14219099999,14014099999,LOWK,11232099999,14112099999,16110099999,14008099999,LJLJ,11231099999",67867
"46.096,14.47",2022-10-06,21.7,9.7,14.6,21.7,9.7,14.6,10.6,78.4,0.0,0,0.0,,0,0.0,17.4,7.2,54.0,1028.7,15.1,30.8,301.8,13.1,7,,2022-10-06T07:06:46,2022-10-06T18:33:03,0.43,Clear,Clear conditions throughout the day.,clear-day,"14014099999,14010099999,E3154,14006099999,14015099999,14012099999,14112099999",67867
"46.096,14.47",2022-10-07,21.4,11.1,15.3,21.4,11.1,15.3,10.9,75.6,0.0,0,0.0,,0,0.0,15.0,5.4,113.9,1026.6,21.9,35.4,377.1,14.9,7,,2022-10-07T07:08:05,2022-10-07T18:31:09,0.47,Partially cloudy,Partly cloudy throughout the day.,partly-cloudy-day,"14014099999,14010099999,11232099999,E3154,14006099999,14015099999,14012099999,14112099999,14008099999",67867
"46.096,14.47",2022-10-08,19.6,10.2,14.3,19.6,10.2,14.3,11.6,84.4,0.0,0,0.0,,0,0.0,11.0,4.7,354.4,1020.7,41.9,19.7,279.9,12.1,6,,2022-10-08T07:09:24,2022-10-08T18:29:16,0.49,Partially cloudy,Partly cloudy throughout the day.,partly-cloudy-day,"14014099999,14010099999,11232099999,E3154,14006099999,14012099999,14112099999,14015099999",67867
"46.096,14.47",2022-10-09,16.1,12.3,13.7,16.1,12.3,13.7,11.0,84.6,0.0,0,0.0,,0,0.0,15.4,6.2,55.9,1023.9,62.1,23.0,104.8,4.4,3,,2022-10-09T07:10:44,2022-10-09T18:27:23,0.5,Partially cloudy,Partly cloudy throughout the day.,partly-cloudy-day,"14014099999,14010099999,11232099999,E3154,14006099999,14012099999,14112099999,14015099999",67867
"46.096,14.47",2022-10-10,18.7,11.4,13.9,18.7,11.4,13.9,9.8,77.9,0.0,0,0.0,,0,0.0,12.4,4.8,37.0,1022.6,52.0,28.0,204.4,8.8,5,,2022-10-10T07:12:03,2022-10-10T18:25:31,0.5,Partially cloudy,Partly cloudy throughout the day.,partly-cloudy-day,"14014099999,14010099999,E3154,14006099999,14015099999,14012099999,14112099999",67867
"46.096,14.47",2022-10-11,19.7,9.6,13.5,19.7,9.6,13.5,10.3,81.9,0.0,0,0.0,,0,0.0,14.3,6.9,142.3,1022.8,26.6,16.2,216.8,9.4,6,,2022-10-11T07:13:24,2022-10-11T18:23:40,0.52,Partially cloudy,Partly cloudy throughout the day.,partly-cloudy-day,"14014099999,14010099999,11232099999,E3154,14006099999,14012099999,14112099999,14015099999",67867
"46.096,14.47",2022-10-12,18.6,10.1,13.4,18.6,10.1,13.4,9.9,80.0,0.0,0,0.0,,0,0.0,13.0,7.5,147.9,1024.1,19.8,21.5,164.1,6.5,4,,2022-10-12T07:14:44,2022-10-12T18:21:49,0.54,Clear,Clear conditions throughout the day.,clear-day,"14014099999,14010099999,11232099999,E3154,14006099999,14012099999,14112099999,14015099999",67867
"46.096,14.47",2022-10-13,17.9,8.1,12.3,17.9,8.1,12.3,9.2,82.5,0.0,0,0.0,,0,0.0,13.3,7.3,76.7,1022.6,27.2,11.1,283.9,11.2,6,,2022-10-13T07:16:05,2022-10-13T18:19:59,0.57,Partially cloudy,Partly cloudy throughout the day.,partly-cloudy-day,"14010099999,E3154,14006099999,14012099999,14015099999,11213099999,11331099999,14219099999,14014099999,11232099999,14112099999,LJLJ,11231099999",67867
"46.096,14.47",2022-10-14,18.4,8.0,12.6,18.4,7.4,12.6,9.3,81.7,0.0,0,0.0,,0,0.0,15.8,5.4,60.6,1018.6,37.1,9.8,270.4,10.8,6,,2022-10-14T07:17:26,2022-10-14T18:18:09,0.61,Partially cloudy,Partly cloudy throughout the day.,partly-cloudy-day,"14014099999,LOWK,14010099999,11232099999,E3154,14006099999,14015099999,14012099999,14112099999,LJLJ",67867
"46.096,14.47",2022-10-15,17.0,9.4,12.5,17.0,9.4,12.5,10.0,85.2,0.09,100,4.17,rain,0,0.0,10.5,4.9,31.4,1017.5,37.7,5.7,143.7,6.1,3,,2022-10-15T07:18:47,2022-10-15T18:16:21,0.65,"Rain, Partially cloudy",Partly cloudy throughout the day with late afternoon rain.,rain,"14014099999,14010099999,11232099999,E3154,14006099999,14012099999,14112099999,14015099999",67867
"46.096,14.47",2022-10-16,21.2,9.1,13.5,21.2,9.1,13.5,10.3,82.8,0.02,100,4.17,rain,0,0.0,13.8,7.0,213.7,1023.3,10.0,6.3,238.5,9.3,5,,2022-10-16T07:20:09,2022-10-16T18:14:33,0.7,Rain,Clear conditions throughout the day with morning rain.,rain,"14014099999,14010099999,E3154,14006099999,14015099999,14012099999,14112099999",67867
"46.096,14.47",2022-10-17,21.0,7.1,13.4,21.0,7.1,13.4,10.6,84.7,0.0,0,0.0,,0,0.0,9.1,5.4,334.7,1029.6,21.5,9.2,252.0,10.0,6,,2022-10-17T07:21:31,2022-10-17T18:12:46,0.74,Partially cloudy,Partly cloudy throughout the day.,partly-cloudy-day,"14014099999,LOWK,14010099999,11232099999,E3154,14006099999,14015099999,14012099999,14112099999,LJLJ",67867
"46.096,14.47",2022-10-18,20.6,8.0,13.4,20.6,8.0,13.4,10.7,85.1,0.0,0,0.0,,0,0.0,7.6,4.6,311.2,1027.4,12.5,9.5,260.0,10.3,6,,2022-10-18T07:22:53,2022-10-18T18:11:00,0.79,Clear,Clear conditions throughout the day.,clear-day,"14014099999,LOWK,14010099999,E3154,11232099999,14006099999,14015099999,14012099999,14112099999,LJLJ",67867
"46.096,14.47",2022-10-19,19.5,10.8,14.0,19.5,10.8,14.0,11.1,83.7,0.0,0,0.0,,0,0.0,16.2,7.7,109.5,1024.2,20.2,10.3,267.7,10.7,6,,2022-10-19T07:24:15,2022-10-19T18:09:15,0.84,Partially cloudy,Partly cloudy throughout the day.,partly-cloudy-day,"14014099999,14010099999,E3154,14006099999,14015099999,14012099999,14112099999",67867
"46.096,14.47",2022-10-20,14.4,10.6,12.9,14.4,10.6,12.9,8.5,75.2,0.0,0,0.0,,0,0.0,16.0,9.6,58.7,1024.6,69.3,30.6,91.8,3.6,2,,2022-10-20T07:25:38,2022-10-20T18:07:31,0.88,Partially cloudy,Partly cloudy throughout the day.,partly-cloudy-day,"14014099999,14010099999,E3154,14006099999,14015099999,14012099999,14112099999",67867
"46.096,14.47",2022-10-21,18.1,9.2,13.4,18.1,9.2,13.4,9.8,79.6,0.01,100,4.17,rain,0,0.0,28.5,13.0,252.4,1020.2,72.1,26.2,100.1,4.0,2,,2022-10-21T07:27:02,2022-10-21T18:05:48,0.92,"Rain, Partially cloudy",Partly cloudy throughout the day with late afternoon rain.,rain,"14010099999,E3154,14006099999,14015099999,14012099999,11331099999,14219099999,14014099999,LOWK,11232099999,14112099999,LJLJ,11231099999",67867
"46.096,14.47",2022-10-22,16.4,11.7,14.5,16.4,11.7,14.5,12.4,87.8,29.06,100,12.5,rain,0,0.0,33.1,13.9,261.0,1019.1,65.0,23.6,16.6,0.7,0,,2022-10-22T07:28:25,2022-10-22T18:04:06,0.96,"Rain, Partially cloudy",Partly cloudy throughout the day with rain.,rain,"14014099999,14010099999,E3154,14006099999,14015099999,14012099999,14112099999",67867
"46.096,14.47",2022-10-23,16.7,10.2,13.0,16.7,10.2,13.0,11.7,91.8,2.89,100,12.5,rain,0,0.0,20.3,10.5,326.0,1022.7,63.9,16.5,109.5,4.4,2,,2022-10-23T07:29:49,2022-10-23T18:02:25,0.98,"Rain, Partially cloudy",Partly cloudy throughout the day with rain.,rain,"14014099999,14010099999,E3154,11232099999,14006099999,14015099999,14012099999,14112099999",67867
"46.096,14.47",2022-10-24,19.8,11.8,15.5,19.8,11.8,15.5,13.4,88.2,0.0,0,0.0,,0,0.0,30.2,15.9,244.5,1019.6,74.4,9.5,95.9,3.9,4,,2022-10-24T07:31:13,2022-10-24T18:00:45,1.0,Partially cloudy,Partly cloudy throughout the day.,partly-cloudy-day,"LOWK,E3154,LJLJ",67867
"46.096,14.47",2022-10-25,17.0,9.0,13.1,17.0,9.0,13.1,12.0,93.1,2.7,100,29.17,rain,0,0.0,28.4,14.2,296.6,1021.0,74.2,9.6,116.7,4.3,2,,2022-10-25T07:32:37,2022-10-25T17:59:07,0.0,"Rain, Partially cloudy",Partly cloudy throughout the day with rain clearing later.,rain,"LOWK,E3154,LJLJ",67867
